Variable1,Variable2
0.01749027093115263,0.8915732671802584
0.2848611674739183,0.2989763774589579
0.7920342606554294,0.3244705974782288
0.8647103866902583,0.44751263221387416
0.5482299063500942,0.3571719948299895
