Variable1,Variable2
0.20846053735884262,0.4816810617633659
0.4205380353143747,0.8591819985213441
0.1711615536116733,0.3388639606037004
0.2705328332978312,0.6910413504495961
0.22040451663772564,0.8119509205386867
