Variable1,Variable2,Clase
1.4438746870054637,91.29057495449024,1.0
5.71606628388248,20.271787600207958,0.0
1.4948582910942099,79.76762497807586,1.0
0.0,92.30185994992655,1.0
9.98483988635652,13.431021278757331,0.0
7.344626725977533,2.3553649258151514,0.0
2.63112296300531,95.42256540929505,1.0
5.775667888474385,0.0,0.0
0.4365276493696185,100.0,1.0
10.0,22.638779304737632,0.0
